<ImportExportXml version="9.2.21083.136" SolutionPackageVersion="9.2" languagecode="1033" generatedBy="CrmLive" xmlns:xsi="http://www.w3.org/2001/XMLSchema-instance">
  <SolutionManifest>
    <UniqueName>WCAGandAccessibleThemeBuilder</UniqueName>
    <LocalizedNames>
      <LocalizedName description="WCAG and Accessible Theme Builder" languagecode="1033" />
    </LocalizedNames>
    <Descriptions>
      <Description description="A Theme System for Power Apps that has WCAG Colour Compliance checking and Accessibility built in! Using Power Automate, Dataverse &amp; an easy API" languagecode="1033" />
    </Descriptions>
    <Version>1.0.0.0</Version>
    <Managed>0</Managed>
    <Publisher>
      <UniqueName>hartofthemidlands</UniqueName>
      <LocalizedNames>
        <LocalizedName description="Hart of the Midlands" languagecode="1033" />
      </LocalizedNames>
      <Descriptions>
        <Description description="Independent Solutions Developer based in Rugby, UK" languagecode="1033" />
      </Descriptions>
      <EMailAddress>mike@hartofthemidlands.co.uk</EMailAddress>
      <SupportingWebsiteUrl>https://hartofthemidlands.co.uk</SupportingWebsiteUrl>
      <CustomizationPrefix>hart</CustomizationPrefix>
      <CustomizationOptionValuePrefix>42365</CustomizationOptionValuePrefix>
      <Addresses>
        <Address>
          <AddressNumber>1</AddressNumber>
          <AddressTypeCode>1</AddressTypeCode>
          <City xsi:nil="true"></City>
          <County xsi:nil="true"></County>
          <Country xsi:nil="true"></Country>
          <Fax xsi:nil="true"></Fax>
          <FreightTermsCode xsi:nil="true"></FreightTermsCode>
          <ImportSequenceNumber xsi:nil="true"></ImportSequenceNumber>
          <Latitude xsi:nil="true"></Latitude>
          <Line1 xsi:nil="true"></Line1>
          <Line2 xsi:nil="true"></Line2>
          <Line3 xsi:nil="true"></Line3>
          <Longitude xsi:nil="true"></Longitude>
          <Name xsi:nil="true"></Name>
          <PostalCode xsi:nil="true"></PostalCode>
          <PostOfficeBox xsi:nil="true"></PostOfficeBox>
          <PrimaryContactName xsi:nil="true"></PrimaryContactName>
          <ShippingMethodCode>1</ShippingMethodCode>
          <StateOrProvince xsi:nil="true"></StateOrProvince>
          <Telephone1>07882 139675</Telephone1>
          <Telephone2 xsi:nil="true"></Telephone2>
          <Telephone3 xsi:nil="true"></Telephone3>
          <TimeZoneRuleVersionNumber xsi:nil="true"></TimeZoneRuleVersionNumber>
          <UPSZone xsi:nil="true"></UPSZone>
          <UTCOffset xsi:nil="true"></UTCOffset>
          <UTCConversionTimeZoneCode xsi:nil="true"></UTCConversionTimeZoneCode>
        </Address>
        <Address>
          <AddressNumber>2</AddressNumber>
          <AddressTypeCode>1</AddressTypeCode>
          <City xsi:nil="true"></City>
          <County xsi:nil="true"></County>
          <Country xsi:nil="true"></Country>
          <Fax xsi:nil="true"></Fax>
          <FreightTermsCode xsi:nil="true"></FreightTermsCode>
          <ImportSequenceNumber xsi:nil="true"></ImportSequenceNumber>
          <Latitude xsi:nil="true"></Latitude>
          <Line1 xsi:nil="true"></Line1>
          <Line2 xsi:nil="true"></Line2>
          <Line3 xsi:nil="true"></Line3>
          <Longitude xsi:nil="true"></Longitude>
          <Name xsi:nil="true"></Name>
          <PostalCode xsi:nil="true"></PostalCode>
          <PostOfficeBox xsi:nil="true"></PostOfficeBox>
          <PrimaryContactName xsi:nil="true"></PrimaryContactName>
          <ShippingMethodCode>1</ShippingMethodCode>
          <StateOrProvince xsi:nil="true"></StateOrProvince>
          <Telephone1 xsi:nil="true"></Telephone1>
          <Telephone2 xsi:nil="true"></Telephone2>
          <Telephone3 xsi:nil="true"></Telephone3>
          <TimeZoneRuleVersionNumber xsi:nil="true"></TimeZoneRuleVersionNumber>
          <UPSZone xsi:nil="true"></UPSZone>
          <UTCOffset xsi:nil="true"></UTCOffset>
          <UTCConversionTimeZoneCode xsi:nil="true"></UTCConversionTimeZoneCode>
        </Address>
      </Addresses>
    </Publisher>
    <RootComponents>
      <RootComponent type="1" schemaName="hart_colourscheme" behavior="0" />
      <RootComponent type="9" schemaName="hart_wcagstatus" behavior="0" />
      <RootComponent type="29" id="{757d165b-0a0f-ec11-b6e6-000d3ad67fbf}" behavior="0" />
      <RootComponent type="29" id="{85d52828-0b0f-ec11-b6e6-000d3ad67fbf}" behavior="0" />
      <RootComponent type="61" schemaName="hart_ColourScheme_16" behavior="0" />
      <RootComponent type="61" schemaName="hart_ColourScheme_32" behavior="0" />
      <RootComponent type="61" schemaName="hart_ColourScheme_SVG" behavior="0" />
      <RootComponent type="62" schemaName="hart_WCAGModelDrivenApp" behavior="0" />
      <RootComponent type="80" schemaName="hart_WCAGModelDrivenApp" behavior="0" />
      <RootComponent type="300" schemaName="hart_wcagthemecreator_0d7d3" behavior="0" />
    </RootComponents>
    <MissingDependencies>
      <MissingDependency>
        <Required type="61" schemaName="msdyn_/Images/AppModule_Default_Icon.png" displayName="msdyn_/Images/AppModule_Default_Icon.png" solution="AppModuleWebResources (2.5)" />
        <Dependent type="80" schemaName="hart_WCAGModelDrivenApp" displayName="WCAG Model-Driven App" />
      </MissingDependency>
      <MissingDependency>
        <Required type="66" schemaName="epr_PCFPowerControls.ColourPicker" displayName="epr_PCFPowerControls.ColourPicker" solution="EPRPCFSubmissions (0.1.6)" />
        <Dependent type="300" schemaName="hart_wcagthemecreator_0d7d3" displayName="WCAG Theme Creator" />
      </MissingDependency>
      <MissingDependency>
        <Required type="66" schemaName="epr_PCFPowerControls.ColourPicker" displayName="epr_PCFPowerControls.ColourPicker" solution="EPRPCFSubmissions (0.1.6)" />
        <Dependent type="60" displayName="Information" parentDisplayName="Colour Scheme" id="{c961e85b-cc53-4a7f-a6d4-02bff911490d}" />
      </MissingDependency>
      <MissingDependency>
        <Required type="connectionreference" displayName="hart_sharedcommondataserviceforapps_9d824" solution="Active" id.connectionreferencelogicalname="hart_sharedcommondataserviceforapps_9d824" />
        <Dependent type="29" displayName="WCAG Colour Scheme Checker" id="{757d165b-0a0f-ec11-b6e6-000d3ad67fbf}" />
      </MissingDependency>
      <MissingDependency>
        <Required type="connectionreference" displayName="hart_sharedcommondataserviceforapps_9d824" solution="Active" id.connectionreferencelogicalname="hart_sharedcommondataserviceforapps_9d824" />
        <Dependent type="29" displayName="WCAG Checker" id="{85d52828-0b0f-ec11-b6e6-000d3ad67fbf}" />
      </MissingDependency>
    </MissingDependencies>
  </SolutionManifest>
</ImportExportXml>