{"properties":{"connectionReferences":{"shared_commondataserviceforapps":{"runtimeSource":"embedded","connection":{"connectionReferenceLogicalName":"hart_sharedcommondataserviceforapps_9d824"},"api":{"name":"shared_commondataserviceforapps"}}},"definition":{"$schema":"https://schema.management.azure.com/providers/Microsoft.Logic/schemas/2016-06-01/workflowdefinition.json#","contentVersion":"1.0.0.0","parameters":{"$connections":{"defaultValue":{},"type":"Object"},"$authentication":{"defaultValue":{},"type":"SecureObject"}},"triggers":{"manual":{"type":"Request","kind":"PowerApp","inputs":{"schema":{"type":"object","properties":{"GetarowbyID_RowID":{"type":"string","description":"Enter the row's globally unique identifier (GUID)","x-ms-powerflows-param-ispartial":false},"GetarowbyID_RowID_1":{"type":"string"}},"required":["GetarowbyID_RowID","GetarowbyID_RowID_1"]}}}},"actions":{"Get_a_row_by_ID":{"runAfter":{},"type":"OpenApiConnection","inputs":{"host":{"connectionName":"shared_commondataserviceforapps","operationId":"GetItem","apiId":"/providers/Microsoft.PowerApps/apis/shared_commondataserviceforapps"},"parameters":{"entityName":"hart_colourschemes","recordId":"@triggerBody()['GetarowbyID_RowID']"},"authentication":{"type":"Raw","value":"@json(decodeBase64(triggerOutputs().headers['X-MS-APIM-Tokens']))['$ConnectionKey']"}}},"Initialize_variable_varBackgroundColour":{"runAfter":{"Initialize_variable_varHTTPBody":["Succeeded"]},"type":"InitializeVariable","inputs":{"variables":[{"name":"varBackgroundColour","type":"string","value":"@{substring(outputs('Get_a_row_by_ID')?['body/hart_backgroundcolour'],1,6)}"}]}},"Initialize_variable_varForegroundTextColour":{"runAfter":{"Initialize_variable_varBackgroundColour":["Succeeded"]},"type":"InitializeVariable","inputs":{"variables":[{"name":"varForegroundTextColour","type":"string","value":"@{substring(outputs('Get_a_row_by_ID')?['body/hart_foregroundtextcolour'],1,6)}"}]}},"Initialize_variable_varHTTPBody":{"runAfter":{"Initialize_variable_varOverallStatusInProgress":["Succeeded"]},"type":"InitializeVariable","inputs":{"variables":[{"name":"varHTTPBody","type":"string"}]}},"Update_a_row":{"runAfter":{"If_Selected_Colours_are_Present":["Succeeded"]},"type":"OpenApiConnection","inputs":{"host":{"connectionName":"shared_commondataserviceforapps","operationId":"UpdateRecord","apiId":"/providers/Microsoft.PowerApps/apis/shared_commondataserviceforapps"},"parameters":{"entityName":"hart_colourschemes","recordId":"@outputs('Get_a_row_by_ID')?['body/hart_colourschemeid']","item/hart_buttonwcagaa":"@if(equals(body('Parse_JSON_varHTTPBody_-_Button_Colours')?['AA'],'pass'),365000000,365000001)","item/hart_buttonwcagaaa":"@if(equals(body('Parse_JSON_varHTTPBody_-_Button_Colours')?['AAA'],'pass'),365000000,365000001)","item/hart_buttonwcagratio":"@float(body('Parse_JSON_varHTTPBody_-_Button_Colours')?['ratio'])","item/hart_lightwcagaa":"@if(equals(body('Parse_JSON_varHTTPBody_-_Light_Colours')?['AA'],'pass'),365000000,365000001)","item/hart_lightwcagaaa":"@if(equals(body('Parse_JSON_varHTTPBody_-_Light_Colours')?['AAA'],'pass'),365000000,365000001)","item/hart_lightwcagratio":"@float(body('Parse_JSON_varHTTPBody_-_Light_Colours')?['ratio'])","item/hart_mainwcagaa":"@if(equals(body('Parse_JSON_varHTTPBody_-_Main_Colours')?['AA'],'pass'),365000000,365000001)","item/hart_mainwcagaaa":"@if(equals(body('Parse_JSON_varHTTPBody_-_Main_Colours')?['AAA'],'pass'),365000000,365000001)","item/hart_mainwcagratio":"@float(body('Parse_JSON_varHTTPBody_-_Main_Colours')?['ratio'])","item/hart_schemewcag":"@variables('varOverallStatus')","item/hart_selectedwcagaa":"@if(equals(body('Parse_JSON_varHTTPBody_-_Selected_Colours')?['AA'],'pass'),365000000,365000001)","item/hart_selectedwcagaaa":"@if(equals(body('Parse_JSON_varHTTPBody_-_Selected_Colours')?['AAA'],'pass'),365000000,365000001)","item/hart_selectedwcagratio":"@float(body('Parse_JSON_varHTTPBody_-_Selected_Colours')?['ratio'])"},"authentication":{"type":"Raw","value":"@json(decodeBase64(triggerOutputs().headers['X-MS-APIM-Tokens']))['$ConnectionKey']"}}},"Initialize_variable_varButtonColour":{"runAfter":{"Initialize_variable_varForegroundTextColour":["Succeeded"]},"type":"InitializeVariable","inputs":{"variables":[{"name":"varButtonColour","type":"string","value":"@{substring(outputs('Get_a_row_by_ID')?['body/hart_buttoncolour'], 1, 6)}"}]}},"Initialize_variable_varButtonTextColour":{"runAfter":{"Initialize_variable_varButtonColour":["Succeeded"]},"type":"InitializeVariable","inputs":{"variables":[{"name":"varButtonTextColour","type":"string","value":"@{substring(outputs('Get_a_row_by_ID')?['body/hart_buttontextcolour'], 1, 6)}"}]}},"If_Main_Colours_are_Present":{"actions":{"HTTP":{"runAfter":{},"type":"Http","inputs":{"method":"GET","uri":"https://webaim.org/resources/contrastchecker/?fcolor=@{variables('varForegroundTextColour')}&bcolor=@{variables('varBackgroundColour')}&api"}},"Set_variable_varHTTPBody":{"runAfter":{"HTTP":["Succeeded"]},"type":"SetVariable","inputs":{"name":"varHTTPBody","value":"@{body('HTTP')}"}},"Parse_JSON_varHTTPBody_-_Main_Colours":{"runAfter":{"Set_variable_varHTTPBody":["Succeeded"]},"type":"ParseJson","inputs":{"content":"@variables('varHTTPBody')","schema":{"type":"object","properties":{"ratio":{"type":"string"},"AA":{"type":"string"},"AALarge":{"type":"string"},"AAA":{"type":"string"},"AAALarge":{"type":"string"}}}}},"Set_variable_varOverallStatus_if_Main_Colours_Fail":{"runAfter":{"Set_variable":["Succeeded"]},"type":"SetVariable","inputs":{"name":"varOverallStatus","value":"@if(or(equals(body('Parse_JSON_varHTTPBody_-_Main_Colours')?['AA'],'fail'),equals(body('Parse_JSON_varHTTPBody_-_Main_Colours')?['AAA'],'fail')),365000001,variables('varOverallStatusInProgress'))"}},"Set_variable":{"runAfter":{"Parse_JSON_varHTTPBody_-_Main_Colours":["Succeeded"]},"type":"SetVariable","inputs":{"name":"varOverallStatusInProgress","value":"@variables('varOverallStatus')"}}},"runAfter":{"Initialize_variable_varSelectedTextColour":["Succeeded"]},"expression":{"and":[{"not":{"equals":["@variables('varForegroundTextColour')","@null"]}},{"not":{"equals":["@variables('varBackgroundColour')","@null"]}}]},"type":"If"},"If_Button_Colours_are_Present":{"actions":{"HTTP_-_Button_Colours":{"runAfter":{},"type":"Http","inputs":{"method":"GET","uri":"https://webaim.org/resources/contrastchecker/?fcolor=@{variables('varButtonTextColour')}&bcolor=@{variables('varButtonColour')}&api"}},"Set_variable_varHTTPBody_(Post_Button_Colours)":{"runAfter":{"HTTP_-_Button_Colours":["Succeeded"]},"type":"SetVariable","inputs":{"name":"varHTTPBody","value":"@{body('HTTP_-_Button_Colours')}"}},"Parse_JSON_varHTTPBody_-_Button_Colours":{"runAfter":{"Set_variable_varHTTPBody_(Post_Button_Colours)":["Succeeded"]},"type":"ParseJson","inputs":{"content":"@variables('varHTTPBody')","schema":{"type":"object","properties":{"ratio":{"type":"string"},"AA":{"type":"string"},"AALarge":{"type":"string"},"AAA":{"type":"string"},"AAALarge":{"type":"string"}}}}},"Set_variable_varOverallStatus_if_Button_Colours_Fail":{"runAfter":{"Set_variable_2":["Succeeded"]},"type":"SetVariable","inputs":{"name":"varOverallStatus","value":"@if(or(equals(body('Parse_JSON_varHTTPBody_-_Button_Colours')?['AA'], 'fail'), equals(body('Parse_JSON_varHTTPBody_-_Button_Colours')?['AAA'], 'fail')), 365000001,variables('varOverallStatusInProgress'))"}},"Set_variable_2":{"runAfter":{"Parse_JSON_varHTTPBody_-_Button_Colours":["Succeeded"]},"type":"SetVariable","inputs":{"name":"varOverallStatusInProgress","value":"@variables('varOverallStatus')"}}},"runAfter":{"If_Main_Colours_are_Present":["Succeeded"]},"expression":{"and":[{"not":{"equals":["@variables('varButtonTextColour')","@null"]}},{"not":{"equals":["@variables('varButtonColour')","@null"]}}]},"type":"If"},"Initialize_variable_varLightColour":{"runAfter":{"Initialize_variable_varButtonTextColour":["Succeeded"]},"type":"InitializeVariable","inputs":{"variables":[{"name":"varLightColour","type":"string","value":"@{substring(outputs('Get_a_row_by_ID')?['body/hart_lightcolour'], 1, 6)}"}]}},"Initialize_variable_varLightTextColour":{"runAfter":{"Initialize_variable_varLightColour":["Succeeded"]},"type":"InitializeVariable","inputs":{"variables":[{"name":"varLightTextColour","type":"string","value":"@{substring(outputs('Get_a_row_by_ID')?['body/hart_lighttextcolour'], 1, 6)}"}]}},"If_Light_Colours_are_Present":{"actions":{"HTTP_-_Light_Colours":{"runAfter":{},"type":"Http","inputs":{"method":"GET","uri":"https://webaim.org/resources/contrastchecker/?fcolor=@{variables('varLightTextColour')}&bcolor=@{variables('varLightColour')}&api"}},"Set_variable_varHTTPBody_(Light_Colours)":{"runAfter":{"HTTP_-_Light_Colours":["Succeeded"]},"type":"SetVariable","inputs":{"name":"varHTTPBody","value":"@{body('HTTP_-_Light_Colours')}"}},"Parse_JSON_varHTTPBody_-_Light_Colours":{"runAfter":{"Set_variable_varHTTPBody_(Light_Colours)":["Succeeded"]},"type":"ParseJson","inputs":{"content":"@variables('varHTTPBody')","schema":{"type":"object","properties":{"ratio":{"type":"string"},"AA":{"type":"string"},"AALarge":{"type":"string"},"AAA":{"type":"string"},"AAALarge":{"type":"string"}}}}},"Set_variable_varOverallStatus_if_Light_Colours_Fail":{"runAfter":{"Set_variable_3":["Succeeded"]},"type":"SetVariable","inputs":{"name":"varOverallStatus","value":"@if(or(equals(body('Parse_JSON_varHTTPBody_-_Light_Colours')?['AA'], 'fail'), equals(body('Parse_JSON_varHTTPBody_-_Light_Colours')?['AAA'], 'fail')), 365000001,variables('varOverallStatusInProgress'))"}},"Set_variable_3":{"runAfter":{"Parse_JSON_varHTTPBody_-_Light_Colours":["Succeeded"]},"type":"SetVariable","inputs":{"name":"varOverallStatusInProgress","value":"@variables('varOverallStatus')"}}},"runAfter":{"If_Button_Colours_are_Present":["Succeeded"]},"expression":{"and":[{"not":{"equals":["@variables('varLightColour')","@null"]}},{"not":{"equals":["@variables('varLightTextColour')","@null"]}}]},"type":"If"},"Initialize_variable_varSelectedColour":{"runAfter":{"Initialize_variable_varLightTextColour":["Succeeded"]},"type":"InitializeVariable","inputs":{"variables":[{"name":"varSelectedColour","type":"string","value":"@{substring(outputs('Get_a_row_by_ID')?['body/hart_selectedcolour'], 1, 6)}"}]}},"Initialize_variable_varSelectedTextColour":{"runAfter":{"Initialize_variable_varSelectedColour":["Succeeded"]},"type":"InitializeVariable","inputs":{"variables":[{"name":"varSelectedTextColour","type":"string","value":"@{substring(outputs('Get_a_row_by_ID')?['body/hart_selectedtextcolour'], 1, 6)}"}]}},"If_Selected_Colours_are_Present":{"actions":{"HTTP_-_Selected_Colours":{"runAfter":{},"type":"Http","inputs":{"method":"GET","uri":"https://webaim.org/resources/contrastchecker/?fcolor=@{variables('varSelectedTextColour')}&bcolor=@{variables('varSelectedColour')}&api"}},"Set_variable_varHTTPBody_(Selected_Colours)":{"runAfter":{"HTTP_-_Selected_Colours":["Succeeded"]},"type":"SetVariable","inputs":{"name":"varHTTPBody","value":"@{body('HTTP_-_Selected_Colours')}"}},"Parse_JSON_varHTTPBody_-_Selected_Colours":{"runAfter":{"Set_variable_varHTTPBody_(Selected_Colours)":["Succeeded"]},"type":"ParseJson","inputs":{"content":"@variables('varHTTPBody')","schema":{"type":"object","properties":{"ratio":{"type":"string"},"AA":{"type":"string"},"AALarge":{"type":"string"},"AAA":{"type":"string"},"AAALarge":{"type":"string"}}}}},"Set_variable_varOverallStatus_if_Selected_Colours_Fail":{"runAfter":{"Set_variable_4":["Succeeded"]},"type":"SetVariable","inputs":{"name":"varOverallStatus","value":"@if(or(equals(body('Parse_JSON_varHTTPBody_-_Selected_Colours')?['AA'], 'fail'), equals(body('Parse_JSON_varHTTPBody_-_Selected_Colours')?['AAA'], 'fail')), 365000001,variables('varOverallStatusInProgress'))"}},"Set_variable_4":{"runAfter":{"Parse_JSON_varHTTPBody_-_Selected_Colours":["Succeeded"]},"type":"SetVariable","inputs":{"name":"varOverallStatusInProgress","value":"@variables('varOverallStatus')"}}},"runAfter":{"If_Light_Colours_are_Present":["Succeeded"]},"expression":{"and":[{"not":{"equals":["@variables('varSelectedColour')","@null"]}},{"not":{"equals":["@variables('varSelectedTextColour')","@null"]}}]},"type":"If"},"Initialize_variable_varOverallStatus_-_Default_to_Pass":{"runAfter":{"Get_a_row_by_ID":["Succeeded"]},"type":"InitializeVariable","inputs":{"variables":[{"name":"varOverallStatus","type":"integer","value":365000000}]}},"Initialize_variable_varOverallStatusInProgress":{"runAfter":{"Initialize_variable_varOverallStatus_-_Default_to_Pass":["Succeeded"]},"type":"InitializeVariable","inputs":{"variables":[{"name":"varOverallStatusInProgress","type":"integer"}]}}},"outputs":{}}},"schemaVersion":"1.0.0.0"}